,Conversion_Rate,Acquisition_Cost,ROI,Clicks,Impressions,Engagement_Score
count,200000.0,200000.0,200000.0,200000.0,200000.0,200000.0
mean,0.08006965,12504.39304,5.002437850000001,549.77203,5507.30152,5.49471
std,0.040601648874731146,4337.6645449732605,1.7344883434709057,260.0190557809676,2596.8642862529987,2.8725812911937534
min,0.01,5000.0,2.0,100.0,1000.0,1.0
25%,0.05,8739.75,3.5,325.0,3266.0,3.0
50%,0.08,12496.5,5.01,550.0,5517.5,5.0
75%,0.12,16264.0,6.51,775.0,7753.0,8.0
max,0.15,20000.0,8.0,1000.0,10000.0,10.0
