,Acquisition_Cost,ROI,Clicks,Impressions,Engagement_Score
count,160000.0,160000.0,160000.0,160000.0,160000.0
mean,12502.6908125,5.000662375,549.07474375,5510.97471875,5.5001125
std,4338.093117302801,1.7342446623206857,260.1167846357808,2596.614741484156,2.871141150991306
min,5000.0,2.0,100.0,1000.0,1.0
25%,8739.0,3.49,324.0,3272.0,3.0
50%,12499.0,5.01,549.0,5522.0,5.0
75%,16262.0,6.5,774.0,7761.0,8.0
max,20000.0,8.0,1000.0,10000.0,10.0
