,cats__Company_Innovate Industries,cats__Company_NexGen Systems,cats__Campaign_Type_Email,cats__Campaign_Type_Influencer,cats__Target_Audience_Men 18-24,cats__Target_Audience_Women 25-34,cats__Duration_45 days,cats__Channel_Used_YouTube,cats__Customer_Segment_Fashionistas,cats__Customer_Segment_Foodies
count,40000.0,40000.0,40000.0,40000.0,40000.0,40000.0,40000.0,40000.0,40000.0,40000.0
mean,0.200775,0.201325,0.20285,0.19925,0.19915,0.202175,0.247975,0.168675,0.200875,0.199325
std,0.4005850859496359,0.4009953420011355,0.4021267463723393,0.3994413928671619,0.39936607871928836,0.40162706828916495,0.43184263520006844,0.374469291205903,0.4006597653635682,0.39949785273310096
min,0.0,0.0,0.0,0.0,0.0,0.0,0.0,0.0,0.0,0.0
25%,0.0,0.0,0.0,0.0,0.0,0.0,0.0,0.0,0.0,0.0
50%,0.0,0.0,0.0,0.0,0.0,0.0,0.0,0.0,0.0,0.0
75%,0.0,0.0,0.0,0.0,0.0,0.0,0.0,0.0,0.0,0.0
max,1.0,1.0,1.0,1.0,1.0,1.0,1.0,1.0,1.0,1.0
