,Acquisition_Cost,ROI,Clicks,Impressions,Engagement_Score
count,200000.0,200000.0,200000.0,200000.0,200000.0
mean,12504.39304,5.002437850000001,549.77203,5507.30152,5.49471
std,4337.6645449732605,1.7344883434709057,260.0190557809676,2596.8642862529987,2.8725812911937534
min,5000.0,2.0,100.0,1000.0,1.0
25%,8739.75,3.5,325.0,3266.0,3.0
50%,12496.5,5.01,550.0,5517.5,5.0
75%,16264.0,6.51,775.0,7753.0,8.0
max,20000.0,8.0,1000.0,10000.0,10.0
