,cats__Company_Innovate Industries,cats__Company_NexGen Systems,cats__Campaign_Type_Email,cats__Campaign_Type_Influencer,cats__Target_Audience_Men 18-24,cats__Target_Audience_Women 25-34,cats__Duration_45 days,cats__Channel_Used_YouTube,cats__Customer_Segment_Fashionistas,cats__Customer_Segment_Foodies
count,160000.0,160000.0,160000.0,160000.0,160000.0,160000.0,160000.0,160000.0,160000.0,160000.0
mean,0.1979875,0.1996125,0.198475,0.20124375,0.201825,0.1995375,0.25113125,0.16653125,0.19816875,0.20146875
std,0.3984839297609933,0.3997103306094646,0.39885294112984676,0.4009310511130448,0.40136352126747427,0.39965395577208696,0.4336652172851101,0.37255799584771254,0.39862123581351977,0.401098614151248
min,0.0,0.0,0.0,0.0,0.0,0.0,0.0,0.0,0.0,0.0
25%,0.0,0.0,0.0,0.0,0.0,0.0,0.0,0.0,0.0,0.0
50%,0.0,0.0,0.0,0.0,0.0,0.0,0.0,0.0,0.0,0.0
75%,0.0,0.0,0.0,0.0,0.0,0.0,1.0,0.0,0.0,0.0
max,1.0,1.0,1.0,1.0,1.0,1.0,1.0,1.0,1.0,1.0
