,Acquisition_Cost,ROI,Clicks,Impressions,Engagement_Score
count,40000.0,40000.0,40000.0,40000.0,40000.0
mean,12511.20195,5.009539750000001,552.561175,5492.608725,5.4731
std,4335.997360382491,1.7354662490948884,259.61229231524726,2597.842755596159,2.8782691849160877
min,5001.0,2.0,100.0,1000.0,1.0
25%,8740.0,3.51,329.0,3241.0,3.0
50%,12487.0,5.01,552.5,5495.0,5.0
75%,16272.0,6.52,778.0,7726.0,8.0
max,20000.0,8.0,1000.0,10000.0,10.0
